Question,Class
About what proportion of the population of the US is living on farms?,Remembering
Correctly label the brain lobes indicated on the diagram below,Remembering
Define compound interest.,Remembering
Define four types of traceability.,Remembering
Define mercantilism.,Remembering
"Define stream bank, floodplain and substrate.",Remembering
Define the meaning of the Olympic Motto.,Remembering
Draw and label a diagram of a typical stream.,Remembering
Draw the basic outline of a page of notes using the Cornell Method?,Remembering
Draw the block diagram of the central processing unit ,Remembering
Draw the flow chart of the PNK system,Remembering
How many instructions in the instruction set of RISC computer?,Remembering
How many kilometers from your home to the university,Remembering
How many loop statement available in c++?,Remembering
How many states are there in USA,Remembering
How many years does this animal live?,Remembering
How much data can be stored in the cach memory,Remembering
How much did he pay for his car,Remembering
How much is your weight,Remembering
How much time did he took to build a house,Remembering
How much water does an elephant drink,Remembering
Identify a phrase as a simile,Remembering
"Identify a property (commutative, additive, etc(",Remembering
Identify fractions from a pictorial representation,Remembering
Identify ordinal positions,Remembering
Identify the correct definition of osmosis.,Remembering
Identify the five major prophets of the Old Testament.,Remembering
Identify the part of a eukaryotic cell.,Remembering
Identify the standard peripheral components of a computer.,Remembering
Identify which word begins with the same sound as the s in sun (Knowledge of letter s),Remembering
in which continent does the state of suriname fall,Remembering
in which countries is arabic language spoken,Remembering
In Which part of the world does he live ,Remembering
Label any Olympic sporting apparatus with design features.,Remembering
Label the parts of the following insects: Grasshopper,Remembering
Label the parts of the microscope shown on the right,Remembering
List four types of clauses mentioned in the article,Remembering
List reserved words in C programming.,Remembering
List the characteristics peculiar to the Cubist movement.,Remembering
List the levels in Bloom's Taxonomy.,Remembering
List the procedure to draw a mixed potential or Evans' diagram,Remembering
List the steps involved in titration.,Remembering
List three characteristics that are unique to the Cubist movement.,Remembering
List three predominant economic systems that exist,Remembering
Look at the symbol. What is the symbol?s purpose on a map?,Remembering
Make a list of facts you learned from the story.,Remembering
Name 5 steps that follow the taking of notes (within 24 hours or less)?,Remembering
Name the artist who painted the Mona Lisa.,Remembering
Name the food groups and at least two items of food in each group.,Remembering
Name the four major food groups.,Remembering
Name the main characters in the story.,Remembering
Name the property that states that,Remembering
Please label the diagram below:,Remembering
Recall basic math facts,Remembering
Recall locations of a historical events,Remembering
Recall the definition of the formula datatype from your assignment 2.,Remembering
Recall the equation for the Ideal Gas Law.,Remembering
Recall the following pictoral example of an implementation of some queue operations,Remembering
recall the supply voltage constraints,Remembering
Recite a policy of immigration in Europe .,Remembering
"Recite the poem ""Auto Wreck"".",Remembering
Recite the principles of the Data Protection Act.,Remembering
Recite the the Gaussian law,Remembering
State four attributes of well engineered software.,Remembering
State how to find a word in a dictionary,Remembering
State the characteristics of each type of corrosion testing studied,Remembering
State the definition of application in Bloom's Taxonomy.,Remembering
State the formula for the area of a circle,Remembering
State the guidelines to design an anodic protection system,Remembering
State the pattern for expressing time in French.,Remembering
State the rule for balls and strikes in baseball.,Remembering
State the rule for using a semicolon in a sentence.,Remembering
What are major facts about particular cultures and societies,Remembering
What are the major products and exports of countries,Remembering
What are the representational symbols on maps and charts,Remembering
What are the structure or functions of Congress,Remembering
What are the units of corrosion penetration rates? Relate these to Faraday's law,Remembering
What does ICT stands for.,Remembering
What is ?your family name,Remembering
What is a global variable?,Remembering
What is a textual index,Remembering
What is the setting of To Kill a Mockingbird?,Remembering
What is the title of the first movie you saw ,Remembering
What season are we in right now?,Remembering
when did saudi arabia start using internet,Remembering
when did the first saudi radio station open,Remembering
When did the second world war happen ,Remembering
When did you born ?,Remembering
when was the first airport in the yemen built,Remembering
when was the UN formed ,Remembering
Which of the following is the method for determining the volume of a cylinder?,Remembering
Which of the following item does not belong to the set ?,Remembering
Which of the two liquids is hypotonic ,Remembering
which part of a data packet is used by a router to determine the destination network,Remembering
Which technology is used by laser printer,Remembering
Who is the first president ??of USA,Remembering
who is the founder of the kingdom of saudi Arabia,Remembering
who was the first man on the moon,Remembering
who was the first to compose in the arts of makamat,Remembering
Who was the writer of the Hamilton,Remembering
What is circulation?,Remembering
Do all animals have a circulatory system?,Remembering
What are the two types of circulatory systems?,Remembering
What is an open circulatory system?,Remembering
What is a closed circulatory system?,Remembering
What are the typical components of a closed circulatory system?,Remembering
"What are arterial vessels, arteries and arterioles?",Remembering
"What are venous vessels, veins and venules?",Remembering
What are the capillaries of the vascular system?,Remembering
What part of the vascular system carries out the exchange of gases and other substances between tissues?,Remembering
What are the valves of the venous system? What is their function?,Remembering
What is the lymphatic system?,Remembering
What chambers of the heart does blood enter? From which does it exit the heart?,Remembering
What are the vena cava? What type of blood circulates within the vena cava?,Remembering
What are pulmonary veins? How many are there?,Remembering
What chamber of the heart does blood enter after leaving the left atrium? What valve separates these chambers?,Remembering
How many chambers does the fish heart have?,Remembering
How many chambers does the amphibian heart have?,Remembering
What is a transfusion?,Remembering
Which of these is a function of the blood plasma?,Remembering
What are antibodies?,Remembering
Name the constituents of the mammalian blood.,Remembering
List the substances transported by the blood circulatory system.,Remembering
"The circulatory system consists of three main parts, name them.",Remembering
Name the parts of a typical vertebra.,Remembering
Describe the structure of a typical vertebra.,Remembering
Name one type of bone and give one example.,Remembering
"Name the group of muscles, which originate from the upper shaft of the femur on the front of the thighs.",Remembering
"Name the group of muscles, which originate from the back of the base of the femur and insert via the Achilles tendon into the heel.",Remembering
Name the three different types of muscle and give one example for each.,Remembering
What are ligaments and what do they do?,Remembering
Name the two movements which take place at a hinge joint.,Remembering
"Excluding the hinge joint, name two other types of synovial joint and give one example of each.",Remembering
Name the type of muscular contraction where the muscles contract but stay the same length.,Remembering
What is the ion necessary for muscle contraction?,Remembering
Where is the Ball and socket joint found?,Remembering
Control of blood glucose by the liver is an example of homeostasis. Name one other factor in the human body that is also controlled by homeostasis,Remembering
Name two places in the body where glycogen is stored,Remembering
What is included in the central nervous system (CNS)?,Remembering
Name the three different types of neurone.,Remembering
What moves across the synapse?,Remembering
What three parts are contained in the brain?,Remembering
What part of the eye controls the amount of light entering it?,Remembering
Name the three parts of the body which make up the nervous system.,Remembering
What part of the nervous system does the vertebral column protect?,Remembering
"The Endocrine system is made up of a series of hormone glands. Name one hormone gland, the hormone it secretes and what that hormone controls.",Remembering
Nerves are made up of neurons which can be divided into two types. Name both types and explain their function.,Remembering
"The endocrine system is made up of a series of hormone glands, name three of them.",Remembering
What part of the nervous system does the skull protect?,Remembering
"What is the name given to the part of the nervous system, which occurs without us thinking about it?",Remembering
"Sensory or receptor organs can be divided into three types, name them.",Remembering
Name the part of the body that carries messages from the brain to the other parts of the body.,Remembering
"In reproduction, what is fertilisation?",Remembering
What is a zygote?,Remembering
Where are the female sex cells contained?,Remembering
What is ovulation?,Remembering
What is the another common disease of the prostate?,Remembering
Prostate is one of the accessory glands associated with the male reproductive system. Name another accessory gland that’s associated with the male reproductive system.,Remembering
Which ligament contains the ovarian artery?,Remembering
"Mr. Smith has a son, Tim who had recently gotten married. They are trying to get pregnant. Where does the fertilised egg usually implant?",Remembering
Cow’s milk is different from human milk. Cow’s milk should not be given to young human babies.  Scientists in China have genetically engineered cows to produce human milk.  Milk from these cows can be fed to young human babies. What is genetic engineering? ,Remembering
"People with cystic fibrosis make large amounts of thick, sticky mucus in their lungs. Cystic fibrosis is caused by the inheritance of recessive alleles. What does allele mean?",Remembering
What is a mutation?,Remembering
List the five kingdoms into which most living organisms can be classified.,Remembering
Which two gases are exchanged when living organisms breathe?,Remembering
Where are chromosomes located inside the cell?,Remembering
"What do the initials CITES, WWF and IWC stand for?",Remembering
What term is used to describe the range of organisms in a habitat?,Remembering
Name three sources of energy which do not depend on fossil fuel.,Remembering
Name three sources of biofuel (fuel derived from biological sources).,Remembering
What are the basic biological units that allow traits to be passed from parents to offspring?,Remembering
What are the three domains of life?,Remembering
What are the basic units of life?,Remembering
"Approximately, how long have organisms been evolving on Earth?",Remembering
Biology is the study of what?,Remembering
Archaea were originally found in which of these environments?,Remembering
What is a distinguishing feature of the cells of organisms from the domain Eukaryota?,Remembering
What is a special characteristic of cyanobacteria?,Remembering
What does DNA stand for?,Remembering
How much of a father's genetic material is passed to each of his offspring?,Remembering
What is 'excretion'?,Remembering
What are the four molecules of life?,Remembering
What kingdom of life do humans belong to?,Remembering
Name the four steps to natural selection,Remembering
What are the 7 properties of life?,Remembering
Name the hierarchy for life from smallest to largest.,Remembering
What is a prokaryote?,Remembering
What is a population?,Remembering
What is a eukaryote?,Remembering
What is a community?,Remembering
What is an ecosystem?,Remembering
What is a biome?,Remembering
What is a biosphere?,Remembering
What is taxonomy?,Remembering
What organelle in higher plant cells contains chlorophyll?,Remembering
Which organelle in an animal cell produces spindle fiber during cell division?,Remembering
Which of the cellular components can only be found in animal cells?,Remembering
The control center or brain of the cell is the?,Remembering
The main function of the cell wall is to?,Remembering
A eukaryotic cell contains?,Remembering
"Which organelle is the ""packing center"" for the cell?",Remembering
What is the small dark structure in the nucleus that produces ribosomes?,Remembering
Name 2 things that are present in plant cells but not in animal cells.,Remembering
What is the function of a ribosome?,Remembering
"Rank the following terms from simplest to most complex: cells, organelles, organs, tissue, organism.",Remembering
"Name organelle serves as a ""workbench"" for the ribosomes?",Remembering
What is an enzyme filled organelle for breaking down waste in the cell?,Remembering
What is the name for cellular intake of fluid and small solutes?,Remembering
What term describes the sugar in a glass of lemonade?,Remembering
What elements make up a carbohydrate?,Remembering
What term describes the amount of energy that must be absorbed before a chemical reaction can start?,Remembering
What are the parts that make up the lock-and-key model of enzyme function?,Remembering
What term describes the reactants that an enzyme acts on?,Remembering
Acidic solutions have a pH that is?,Remembering
All organic compounds contain the element?,Remembering
The following molecules are mirror images of each other.  What is the term for this?,Remembering
What is the correct term for the energy releasing graph below?,Remembering
Which term describes the tendency of a water molecule to stick to another water molecule?,Remembering
Which term describes the tendency of a water molecule to stick to different types molecules?,Remembering
The diagram below shows a water molecule.  What do the charges on either end of the molecule indicate about the molecule?,Remembering
What structure is found in plant cells but not in animal cells?,Remembering
What materials makes up a cell membrane?,Remembering
What type of receptor is within a cell?,Remembering
"What type of membrane allows some, but not all, materials to cross?",Remembering
Which part(s) of a phospholipid is hydrophobic?,Remembering
What term describes the diffusion of water through a semipermeable membrane down a concentration gradient?,Remembering
Living cells are continuously making a variety of proteins. This process occurs on what organelle?,Remembering
"There are two types of cell division, mitosis and meiosis. Define mitosis.",Remembering
Name the protein subunit that is found within microtubules.,Remembering
When does DNA replication occur in the cell cycle?,Remembering
Where are centrosomes (microtubule-organizing-centers) located in an animal cell?,Remembering
Which body compartment is directly proportional to basal metabolic rate?,Remembering
What is the definition of respiration?,Remembering
What is the equation of respiration?,Remembering
Which 2 organs of the body use glucose as fuel?,Remembering
The intercostal muscles are very important in the process of breathing. Where are they located?,Remembering
Name the last stop of the urinary track?,Remembering
Name part of the brain detects the amount of CO2 in the blood?,Remembering
Define Pneumonia.,Remembering
Name the organ breaks down old red blood cells and stores iron for haemoglobin?,Remembering
"Name organ(s) collects and excretes urea, excess salts, and water?",Remembering
Specify the functional unit of the kidney.,Remembering
Identify the molecule in human blood that carries oxygen.,Remembering
Which two structures does the trachea lead to in the lungs?,Remembering
What are the tiny air sacs in the lungs called?,Remembering
Define PRODUCTION and RESPIRATION.,Remembering
Describe what is meant by the structure and function of an ecosystem,Remembering
Name four types of disturbance in tropical forests.,Remembering
Define: shifting cultivation.,Remembering
Describe the theory of island biogeography.,Remembering
Define ecology.,Remembering
Identify at least 3 changes that biologists have noticed along habitat edges.,Remembering
"In his presentation on the U.S. Endangered Species Act, Rick Enser discussed 5 basic reasons for listing a species as Endangered or Threatened.  List at least 3 of these reasons.",Remembering
"During his lecture on ecological restoration, Frank Golet identified 5 key ingredients to successful restoration.  List at least three of those keys here.",Remembering
What is biodiversity exactly?,Remembering
What are the world’s rarest species?,Remembering
What is a biodiversity hotspot?,Remembering
What are endemic species?,Remembering
Where are biodiversity hotspots located?,Remembering
Compare Calliope with Howie. Use the word bank.,Understanding
Compare historical events to contemporary situations,Understanding
Complete an analogy (analogy tasks are inference tasks),Understanding
Describe 4 types of coupling in software design.,Understanding
Describe how Phillip and Timothy survived on the Cay.,Understanding
Describe in prose what is shown in graph form.,Understanding
Describe in your own words how to borrow a book from the library.,Understanding
Describe in your own words how to copy text from one program into another.,Understanding
Describe in your own words what happens when a stream's velocity slows.,Understanding
Describe in your own words what is meant by a sprained ankle.,Understanding
Describe nuclear transport to a lay person.,Understanding
Describe the Pareto Principle in statistical software quality assurance.,Understanding
Describe what goes in each of the four areas on the first page of notes,Understanding
Describe what took place as the Hato was sinking.,Understanding
Describe how the linear polarization method can yield corrosion rates,Understanding
Describe the major clinical differences between visceral and somatic pain,Understanding
Briefly describe the author's approach to the liabilities of the GOTO statement,Understanding
Describe what happened at...?,Understanding
Determine the author?s point of view,Understanding
Determine the next number in a sequence,Understanding
Discuss the nature of socialism.,Understanding
Explain how Timothy saved Phillip's life.,Understanding
Explain in one's own words how to create a query in a database.,Understanding
Explain in your own words what a recessive gene is.,Understanding
Explain in your own words what do you mean by the term economics?,Understanding
Explain in your own words what is meant by mercantilism.,Understanding
Explain the causes of historical events,Understanding
Explain the communicative property.,Understanding
"Explain the double meaning the author attributes to the term ""successive action descriptions""",Understanding
Explain the possible uses described in class for the space to the left of the vertical line.,Understanding
Explain the process (paraphrase) for finding the perimeter of a rectangular garden,Understanding
Explain what a poem means.,Understanding
"Explain what the author means by the statement ""our intellectual powers are geared to master static relations.",Understanding
Express your opinion of 'Drugs in Sport' through poetry.,Understanding
From a blueprint to describe the article depicted.,Understanding
"Given a graph of production trends in automobiles, describe what the graph represents in a memo to your boss.",Understanding
"Given these five corrosion inhibitors, V, W, X, Y, Z, identify which are passivators ?",Understanding
"Illustrate this caption: ""Olympic as a Media Event in the Information Society""",Understanding
Illustrate what you think the main idea was.,Understanding
In one sentence explain the main idea of a written passage.,Understanding
In one sentence illustrate the main point of a written passage.,Understanding
Interpret the pictures.,Understanding
Outline in your own words how the Leggo's Tomato Paste advertisement sells their product.,Understanding
Outline the most important insight of the tale.,Understanding
Outline the mechanisms employed by bacteria allowing them to evade phagocytic destruction.,Understanding
"Outline an ""attack plan"" that will allow you to test your hypothesis using computational molecular modeling tools",Understanding
Paraphrase an important speech,Understanding
Paraphrase what Hamlet is saying in his soliloquy.,Understanding
Paraphrase the poem in your own words,Understanding
"Paraphrase this poem about Sheik Schubli, explaining what he was saying about the characteristics of a friend",Understanding
Describe the output of this program fragment:,Understanding
Classify types of corrosion inhibitors ?,Understanding
would you classify the zener diode in this circuit as a series voltage regulator or a shunt voltage regulator,Understanding
"Classify the following protocols: IP, TCP, HTTP according to the ISO OSI classification",Understanding
"Classify the following substances as particle, atom, element, molecule, compound",Understanding
How would you classify the geographic location of your school,Understanding
Classify animals into two groups.,Understanding
Classify celebrations into family and community categories.,Understanding
Classify frogs toads and other amphibians.,Understanding
Restate main idea of story in own words.,Understanding
Restate the Olympic motto in your own words.,Understanding
Retell the story in your words.,Understanding
Rewrite the principles of test writing.,Understanding
Rewrite you predicted equation for the ideal gas law,Understanding
Rewrite the markov matrix to account for this slight change.,Understanding
"Rewrite the sentence in your head, following the direction given below",Understanding
Rewrite a part in the poem using a different speaker,Understanding
Select the best title for a passage,Understanding
State in your own words the rule for balls and strikes in baseball.,Understanding
State in your own words where in the library to find previous issues of journals that are no longer in the display racks.,Understanding
Can you state in your own words what the problem is asking you to do,Understanding
State in your own words what the author means when he says,Understanding
Summarize a historical document,Understanding
Summarize a story in own words.,Understanding
Summarize Jem?s beliefs about Boo Radley,Understanding
Summarize the basic tenets of collaborative conservation.,Understanding
Summarize the basic tenets of deconstructionism.,Understanding
Summarize this magazine article.,Understanding
Tell how Phillip kept himself alive after Timothy died.,Understanding
Tell in your own words how the setting of the story made it more interesting.,Understanding
Tell in your own words the beginning of the book.,Understanding
"In your own words, tell what is meant by the definition of an isosceles triangle.",Understanding
"In your own words, how would you define transferable skills",Understanding
Translate a written text aloud from L2 to English.,Understanding
Translate an equation into a computer spreadsheet.,Understanding
Translate an equation into a spreadsheet formula.,Understanding
Translate the following passage from The Iliad into English.,Understanding
Use the E-pH or Pourbaix diagram of Cr to determine the control current and potential for the anodic protection of a S43000 stainless steel vessel. ?,Understanding
"Compare and contrast two treatments of either drapery or animals by Greek sculptors, establishing their artistic contexts",Understanding
"Briefly compare this way of testing the satisfiability of to the more standard way using SLD Resolution, as in Prolog",Understanding
How would you compare SAS with the Visual Basic Application and SPSS for the processing and analysis of mainframe data,Understanding
Describe and compare the role of Islamic law in the legal systems of Malaysia and Pakistan,Understanding
Express the rule in function notation,Understanding
Express the following systems in matrix form,Understanding
Express the following percentages as fractions in simplest form,Understanding
Explain the whole method of crushing,Understanding
"In your own words, how would you summarize the story up ",Understanding
Summarize the main point of these two texts in your own words ,Understanding
Outline the aim of two studies within the ,Understanding
Outline your experience in working with service users,Understanding
What are the advantages of a closed circulatory system over an open circulatory system?,Understanding
What is the difference between octopuses and mussels regarding their circulatory systems? How does that difference have an effect on the mobility of these animals?,Understanding
Why can flying insects such as flies beat their wings at a great speed despite having an open circulatory system?,Understanding
How does the heart pump blood?,Understanding
What is the difference between systole and diastole?,Understanding
"Which contain more muscle tissue, arteries or veins? How different are the walls of these two types of blood vessels?",Understanding
How do the muscles of the legs and feet contribute to venous return?,Understanding
What are varices? Why are they more common on the lower limbs?,Understanding
Why may clinical signs regarding the lymphatic system be observed during inflammatory and infectious conditions?,Understanding
"Concerning the thickness of their walls, how different are the chambers of the heart?",Understanding
Which chamber of the heart does blood enter first? Where does blood go after passing through that chamber? What is the name of the valve that separates the chambers? Why is that valve necessary?,Understanding
What is the name of the valve that separates the right ventricle from the pulmonary artery? Why is that valve important?,Understanding
Do the arteries that carry blood from the heart to the lungs contain arterial or venous blood? What happens to blood when it passes through the lungs?,Understanding
What is the function of the left ventricle? Where does the blood go after leaving the left ventricle?,Understanding
What valve separates the aorta from the heart? What is the importance of that valve?,Understanding
Is ventricular lumen larger during systole or diastole?,Understanding
During what stage of the cardiac cycle are the ventricles filled with blood?,Understanding
What type of tissue is the heart composed of? How is this tissue oxygenated and supplied with nutrients?,Understanding
How do respiratory pigments work?,Understanding
"How different are oxyhaemoglobin and hemoglobin? Where are you more likely to find a higher concentration of oxyhemoglobin, in peripheral tissues or in the lungs?",Understanding
What is hemoglobin F? Why does the fetus need a different type of hemoglobin?,Understanding
"At high altitudes, is it necessary for blood to contain more or less hemoglobin?",Understanding
What substance stimulates the production of red blood cells? Which organ secretes it? Under what conditions is it secreted at higher rates?,Understanding
Why is carbon monoxide toxic to humans?,Understanding
During what stage of cellular respiration is carbon dioxide released?,Understanding
How is carbon dioxide released by cellular respiration transported from tissues to be eliminated through the lungs?,Understanding
What is the difference between double closed circulation and simple closed circulation?,Understanding
Does the fish heart pump venous or arterial blood?,Understanding
Why is the circulatory system of fish classified as simple and complete circulation?,Understanding
Why can amphibian circulation be classified as double and incomplete?,Understanding
What is the difference between the amphibian heart and the reptile heart?,Understanding
"How many chambers do the hearts of birds and mammals have? Concerning temperature maintenance, what is the advantage of the double and complete circulation of these animals?",Understanding
"Concerning the mixture of arterial with venous blood, what is the difference between human fetal circulation and adult circulation?",Understanding
What causes the heart to contract?,Understanding
What is the risk of getting a disease from a transfusion?,Understanding
What are the risks of not having a transfusion?,Understanding
Why do large multicellular organisms need transport systems while simple unicellular organisms do not?,Understanding
How is carbon dioxide transported in the blood?,Understanding
How are human red blood cells adapted to their function?,Understanding
What type of cell are phagocytes?,Understanding
What is the role of the phagocytes in the immune system?,Understanding
What can vaccination involve?,Understanding
Vaccination results in the manufacture of memory cells. What do these do?,Understanding
What is the purpose of blood clotting after a skin wound?,Understanding
"In humans, the blood circulatory and lymphatic systems transport body fluids. Outline the functions of the lymphatic system.",Understanding
How is the lymphatic system different from the blood circulatory system,Understanding
"Explain the changes that occur in the composition of blood as it passes through the capillaries of the following parts of the body which are lungs, liver and kidneys.",Understanding
Give three structural differences between an artery and a vein.,Understanding
What are the differences in blood content between the blood carried by hepartic portal vein and hepatic vein,Understanding
Why is it an advantage for blood to pass through the heart twice in order to circulate around the body?  ,Understanding
Distinguish between Diastole and systole  ,Understanding
Distinguish between Single and double circulation  ,Understanding
Distinguish between open and closed circulatory system,Understanding
Distinguish between Systemic and Pulmonary circulation,Understanding
Why do people living in high altitudes have more red blood cells than those living in low altitude areas,Understanding
Explain how blood clotting occurs in humans,Understanding
Describe the process of blood circulation in the heart,Understanding
How is the heart adapted to its functions?,Understanding
Discuss the importance of blood circulation in the body,Understanding
Which part of the blood is responsible for transporting oxygen around the body? Give the reasons,Understanding
What two steps are carried out by a phagocyte to destroy a microbial invader? Describe the answer.,Understanding
What is a function of platelets in the blood,Understanding
Which vessel returns blood from the body to the heart? Explain.,Understanding
What is the function of valves in the circulatory system?,Understanding
Which chamber of the heart contracts with the highest pressure? Describe.,Understanding
The walls of which type of blood vessel are only one cell thick? Give the reasons.,Understanding
Describe the three general components of the circulatory system in humans.,Understanding
"Explain the statement, “Mammals keep oxygen-rich and oxygen-poor blood flowing separately through what is known as a double circulatory system.",Understanding
"The pressure exerted by the pumping of the heart is not enough to push the blood back to the heart, especially from the lower limbs.  Explain how the structure of the vein overcomes this problem",Understanding
Describe the three main processes of urine formation,Understanding
What are kidney stones? Why are they a problem?,Understanding
Describe the differences between arteries and veins.,Understanding
What is the heart rate?,Understanding
What is the main function of platelets?,Understanding
Terrestrial plants such as hibiscus plants and aquatic plants such as water lily have certain characteristics for support in their respective environments. Explain how the tissues in these plants are adapted to support the plants.,Understanding
Explain the adaptations of the plant which enable it to float on the water surface.,Understanding
"Explain how muscles, tendon, ligament, bones and joint at the human legs involved when an individual running or walking.",Understanding
What is skeleton? How is it useful to us?,Understanding
What is cranium? Why is it made up of small bones joined together instead of single big bone?,Understanding
Why our backbone is slightly movable?,Understanding
Why some ribs are called true ribs and some are false ribs? What is the difference between them?,Understanding
How many floating ribs do we have? What is their significance in our body?,Understanding
What is the difference between metacarpals and metatarsals?,Understanding
Distinguish between Movement and Locomotion.,Understanding
Distinguish between true ribs and floating ribs.,Understanding
Distinguish between pectoral girdle and pelvic girdle,Understanding
Distinguish between ball and socket joint and hinge joint.,Understanding
State the function of skeleton.,Understanding
State four functions of the skeleton.,Understanding
Explain what happens to a muscle when it contracts and when it relaxes.,Understanding
The response of the skin to cold weather is an involuntary action. Explain how an involuntary action differs from a voluntary action,Understanding
Describe how the nervous system coordinates the response of the skin to cold weather.,Understanding
Explain how negative feedback is involved in the control of body temperature.,Understanding
Control of blood glucose by the liver is an example of homeostasis. Explain how the liver lowers blood glucose concentration when it is too high.,Understanding
Amino acids are processed by the liver. Describe this process.,Understanding
"State one other function of the liver, besides homeostasis and processing amino acids.",Understanding
Explain how an increase in glucose concentration is controlled in the body.,Understanding
If the blood glucose concentration is very high there is a decrease in the water potential of the blood. This may damage the red blood cells. Explain how a decrease in water potential of the blood may damage red blood cells.,Understanding
What are three examples of conditions controlled by homeostasis in the body?,Understanding
Why does the pupil get smaller?,Understanding
How has the different areas of the brain been mapped?,Understanding
How do the different muscles in our eyes help us focus light clearly?,Understanding
Explain the role of exteroceptors within the nervous system and give one example.,Understanding
" Many sports require good reactions. In relation to the nervous system, explain what reaction time depends on.",Understanding
About how long does the menstrual cycle take?,Understanding
 Which way does blood normally pass across the placenta?,Understanding
What is a role of oestrogen?,Understanding
Which hormone is responsible for the development of male secondary sexual characteristics?,Understanding
Describe the role of mutations in evolution.,Understanding
Compare the differences between sexual and asexual reproduction.,Understanding
Describe how mutations in DNA are caused and explain their possible effects.,Understanding
Describe the mains steps in the process of genetic engineering.,Understanding
Describe the process of selective breeding. Give examples in your answer.,Understanding
Compare the structure of prokaryotic and eukaryotic organisms.,Understanding
Describe how to prepare a slide of stained onion epidermal tissue.,Understanding
Describe how you would set up a microscope to examine a prepared slide under high power.,Understanding
Describe two advantages of light microscopes over electron microscopes.,Understanding
What is the difference between genotype and phenotype? Give an example of each in your answers.,Understanding
"The type of earwax produced by humans is controlled by a single pair of alleles. The dominant allele causes wet earwax, and the recessive allele causes dry earwax. What type of earwax would be produced by someone with one of each type of allele?",Understanding
Explain how inheritance of biological sex occurs in humans.,Understanding
Describe the process of cloning and explain how it can help to prevent plant species from becoming extinct.,Understanding
How does the modern-day use of genome sequencing help us to genetically modify organisms?,Understanding
"Describe the ovarian cycle. Include the hormones involved (LH, FSH, oestrogen and progesterone).",Understanding
Mr. Smith has Benign prostatic hypertrophy (BPH) which is common condition affecting elderly men. What is the main symptom of BPH?,Understanding
Describe the path of sperm through the male reproductive tract. Include a description of any secretion that join the sperm or any changes that occur to the sperm along the way.,Understanding
Explain the principle of dominance ,Understanding
Explain Mendel's law of segregation,Understanding
"Distinguish between Complete, incomplete and co-dominance ",Understanding
Distinguish between Heterozygous and homozygous ,Understanding
Distinguish between Phenotype and genotype,Understanding
"Distinguish between Harmful (lethal) mutations, harmless mutations and useful (fixed) mutations ",Understanding
Distinguish between Genetic engineering and biotechnology,Understanding
Suggest why Mendel’s choice of pea plants for his investigation on inheritance was a good choice.,Understanding
Why did Mendel repeat his investigation several times?,Understanding
Name TWO health benefits of omega-3 fatty acids.,Understanding
Sex-linked genes on the y chromosome have been found in humans and other animal species. Suggest and explain one piece of evidence which would support the presence of such a gene.,Understanding
Explain the genetic principles which enable the sex of a child to be pre-determined.,Understanding
Darwin suggested the theory of natural selection. Explain how natural selection occurs.,Understanding
Many people have DNA mutations that go unnoticed. What type of mutation is most likely to have no effect on phenotype?,Understanding
What type of factor is involved in determining body mass?,Understanding
What type of factor is involved in determining language?,Understanding
What type of factor is involved in determining natural eye colour?,Understanding
What characteristic shows continuous variation?,Understanding
What do mutagens cause?,Understanding
What type of factor is involved in determining intelligence?,Understanding
What is the distinction between interspecific competition and intraspecific competition?,Understanding
What two abiotic factors might affect an animal living at the bottom of the sea and a plant growing on a mountainside?,Understanding
What two biotic factors could affect an antelope living in the Serengeti?,Understanding
Give two examples of artificial ecosystems.,Understanding
Give three ways in which a polar bear is adapted to its environment.,Understanding
Give three ways in which a plant might be adapted to a hot dry environment.,Understanding
What are the principal sources of excessive nitrate and phosphate in rivers and lakes?,Understanding
Which part of the carbon cycle is responsible for the increasing concentration of carbon dioxide in the atmosphere.,Understanding
Explain briefly why ‘greenhouse’ gases lead to global warming.,Understanding
In what way do chlorofluorocarbons (CFCs) cause global problems?,Understanding
What is the difference between prokaryotic and eukaryotic cells,Understanding
"Under the process of natural selection, which individuals are most likely to survive and reproduce?",Understanding
State a pro and a con of doing laboratory experiments to learn about the natural world.,Understanding
How does life on Earth evolve?,Understanding
What is the difference between growth and developement?,Understanding
How does a root hair cell increase its surface area to volume ration to absorb water effiently for plants?,Understanding
Explain diffusion is the movement of particles.,Understanding
Describe diffusion of water.,Understanding
Describe how phospholipids are arranged in a plasma membrane,Understanding
Cell that secrete enzymes contain a lot of rough endoplasmic reticulum (RER) and a large Golgi apparatus. Describe how RER is involved in the production of enzymes.,Understanding
Describe how the Golgi apparatus is involved in the secretion of enzymes.,Understanding
Explain membrane phospholipids  ,Understanding
How have microscopes developed over the years?,Understanding
Give advantage of the transmission electron microscope compared with the light microscope?,Understanding
How is a muscle adapted to its function? Explain.,Understanding
What are two of the three major differences between animal cells and plant cells?,Understanding
Cells have larger vacuoles? Describe,Understanding
The sodium-potassium pump helps to maintain electrolyte gradients through use of ATP. Which of the best term describes this type of transport?,Understanding
Why does the sodium-potassium pump require ATP to function properly?,Understanding
What is true about the sodium-potassium pump? Describe.,Understanding
What is true of an electrochemical gradient? Explain.,Understanding
Describes the composition of the plasma membrane of an animal cell?,Understanding
Explain about the fluidity of plasma membranes.,Understanding
"Some proteins span the cellular membranes multiple times, weaving in and out of them. What parts of the protein would be on the inside and outside of the membrane?",Understanding
"When a solute moves down its concentration gradient across a non-permeable barrier, the process is known as? Describe the answer.",Understanding
Which of the molecules would not require a transport protein to cross the cellular plasma membrane? Give the possible answer.,Understanding
Which of the forms of transport does not require energy? Describe the answer.,Understanding
"Referred to G proteins, Antibodies and Hydrophobic, which could be found on a plasma membrane receptor? Explain the answer.",Understanding
What is the average resting potential of a nerve cell membrane? Describe the answer.,Understanding
What is the conventional way of measuring membrane potential?,Understanding
" Referred to a concentration gradient of ions, presence of neurotransmitters and Semipermeable membrane, which is required to generate a membrane potential? Explain the answer.",Understanding
 Describe about plasma membrane channels.,Understanding
What is true regarding plasma membrane channels?,Understanding
What is true about a cell's phospholipid bilayer?,Understanding
State difference between prokaryotic and eukaryotic cells?,Understanding
What structures plays the biggest role in cell containment? Explain why.,Understanding
What is the function of cholesterol in the cell plasma membrane? Explain the answer.,Understanding
"ATP synthase is an enzyme that synthesizes ATP in the mitochondrion. Based on this information, what is true regarding cellular transport and ATP synthase?",Understanding
What is important for proper cell containment? Describe it.,Understanding
"When subunits called monomers are bonded together, they form larger molecules called polymers. Proteins are a type of polymer. What is the monomer that makes up proteins?",Understanding
"During photosynthesis, plants convert carbon dioxide and water to sugar and oxygen. In this reaction, sugar and oxygen are the?",Understanding
How is an ionic bond formed between two atoms?,Understanding
 How is a saturated fatty acid different from an unsaturated fatty acid?,Understanding
How does a catalyst affect the activation energy of a chemical reaction?,Understanding
Conditions are likely to affect the shape of an enzyme? Give the examples.,Understanding
The graph below shows a catalyzed reaction vs. an uncatalyzed reaction.  Which of the following statements is true about the graph?,Understanding
In which kind of solution would water move from the solution into the cell?,Understanding
What would make a hypertonic solution isotonic?,Understanding
What term describes the movement of molecules that are pumped from an area of low concentration to an area of high concentration?,Understanding
Certain types of small molecules cross the plasma membrane without the cell exerting any energy. This type of movement is an example of,Understanding
The process in which the cytoplasmic content of the cell is divided into two new daughter cells is called,Understanding
Which phase of meiosis ends with four haploid cells with differing chromosomal content?,Understanding
Asexual reproduction occurs through?,Understanding
Humans possess 23 chromosomes in their gametes; how many chromosomes are in the somatic cells of humans?,Understanding
State two ways in which meiosis differs from mitosis.,Understanding
Explain term cancer.,Understanding
Explain the term diploid.,Understanding
Draw a labelled diagram to show the position of the chromosomes during anaphase of mitosis in a diploid nucleus in which 2n=4.,Understanding
"After telophase of mitosis, how do plant cells split in two?",Understanding
What is function of mitosis in single-celled organisms.,Understanding
What happens in the stage that is before mitosis in the cell cycle?,Understanding
What are guard cells in plants specialised to do?,Understanding
"The greater the complexity of the organism, the greater the number of chromosomes within the cell. Explain the statement.",Understanding
"Which part of a cell probably organizes microtubules, including those of the spindle?",Understanding
"If a cell is to divide, when do the organelles, such as centrioles, duplicate?",Understanding
In which organ will meiosis occur for the human female?,Understanding
When does synapsis and crossing-over occur in meiosis?,Understanding
"Following synapsis during meiosis I, the homologous chromosomes separate. This separation means that?",Understanding
"Which of the following cells, when combined, will result in a diploid fertilized egg?",Understanding
Which cell during oogenesis must be fertilized by a sperm if it is to become a mature egg?,Understanding
How many chromosomes are present in the human secondary spermatocyte?,Understanding
Which of the following cells represents a way to discard unnecessary chromosomes while retaining much of the cytoplasm in the egg?,Understanding
Which of the following statements is NOT correct about human spermatogenesis?,Understanding
"With regard to protein absorption, all of the following are true EXCEPT:",Understanding
Kwashiorkor is characterized by all of the following EXCEPT:,Understanding
Treatment protocols for protein-energy malnutrition begin with,Understanding
Describe essential amino acids for infants.,Understanding
Describe fructose.,Understanding
Give the advantages of dietary fiber.,Understanding
Explain medium chain triglycerides.,Understanding
Morbidly obese people are characterized by?,Understanding
 Bulimia is characterized by?,Understanding
Which of the following is most likely to be associated with anorexia nervosa?,Understanding
Define Body mass index (BMI).,Understanding
The first attempt to breastfeed should be,Understanding
The frequency of breastfeeding should be,Understanding
Breastfeeding mothers should,Understanding
The act of knowing you have lots of CO2 and wanting to breathe because of it is called...,Understanding
Why is it impossible to hold your breath and die? Describe it.,Understanding
Name malfunction of the respiratory system is (IN) the destruction of alveolar walls?,Understanding
"If someone smokes cigarettes constantly for a long time, their alveoli will eventually be coated with tar. Describe it.",Understanding
The skin and sweat glands also reduce body temperature to maintain?,Understanding
There is a reabsorbing capillary in the nephron to reabsorb nutrients that were just put into the loop of henle. State the answer either true or false and explain it.,Understanding
The loop of henle absorbs metabolic wastes from the?,Understanding
"When urine is yellow, that means you are? Explain it.",Understanding
The nasal chamber does what to incoming air? Give the reason.,Understanding
"When we inhale (breathe in), what happens to the pressure in the thorax?",Understanding
What happens when we exhale (breathe out)?,Understanding
Which statement about atmospheric and exhaled air is correct?,Understanding
What happens during gas exchange in the lungs?,Understanding
"During exercise, what happens to breathing in humans?",Understanding
Tobacco smoke contains carbon monoxide. What problem does this cause?,Understanding
"If the mouth and nose are closed at the peak of a complete inspiration, but before expiration, and the breath is held, what is the pressure of gases within the alveoli relative to the pressure of atmospheric air?",Understanding
Which of these is an adaptation for efficient gas exchange in the air sacs (alveoli)?,Understanding
"Describe ecological succession using ecosystem level responses of developmental, stable and disturbed states.",Understanding
Why does total biomass of plants equal total biomass of animals in ocean ecosystems?,Understanding
Suggest a hypothesis to explain high biodiversity in the tropics.,Understanding
Why is the Lindeman system higher in estuaries?,Understanding
"Compare and contrast salt marshes and mangroves Ecosystems interact with each other in a variety of ways and for a variety of reasons. Provide an example of ecosystem interaction, and explain how and why ecosystems are interacting.",Understanding
Why was Flax Pond described as a heterotrophic organism?,Understanding
Discuss diversity within estuaries in terms of gradient space.,Understanding
Discuss the five types of coastal ecosystems associated with estuarine gradients from dominance of ocean to river. There are three regions in an estuarine system. What are they and how are they characterized?,Understanding
What is self-design? How does this idea relate to non-native species as Ariel Lugo was discussing the benefits of alien species?,Understanding
What are the four types of successions Arial Lugo discussed? What is a New Forest Ecosystem?,Understanding
What are natural scientist' three main criticisms of neoclassical economic models?,Understanding
What are the primary causes of disturbance in tropical forest ecosystems?,Understanding
"Despite lush appearances, please explain why net productivity in tropical forests is generally no more than that of temperate forests.",Understanding
Where is the point of highest salinity in a salt marsh? Explain why.,Understanding
Describe the nutrient cycle in the tropics and how agriculture aids or detracts from the regional cycle.,Understanding
Does species diversity follow any patterns?,Understanding
How is biodiversity measured?,Understanding
Why is biodiversity so important and worthy of protection?,Understanding
What is being done to preserve biodiversity and its hotspots?,Understanding
What role does biodiversity play in conservation concepts?,Understanding
What alternative options are there for protecting biodiversity?,Understanding
"What are the distinctions between ""critically endangered"", ""endangered"", and ""vulnerable"" species?",Understanding
What determines the success of an invasive species?,Understanding
What are the 6 threats to biodiversity and give an example of each?,Understanding
How do we estimate rates of species loss?,Understanding
"Describe the difference between background, mass, and anthropogenic extinctions.",Understanding
How can we measure the value of biodiversity?,Understanding
"How will climate change influence the distribution, richness, relative abundance, and prevalence of diseases and invasive species in the marine environment?",Understanding
Apply laws of statistics to evaluate the reliability of a written test.,Applying
Apply shading to produce depth in drawing.,Applying
Apply the rule of law to a new situation,Applying
Apply the storytelling technique here to a little story of your own.,Applying
Apply your understanding the Olympic spirit to develop a new motto or slogan.,Applying
Show the value of x after running this program fragment,Applying
Calculate for x in the following equation: 12x=36,Applying
Calculate the deflection of a beam under uniform loading.,Applying
Calculate the number of sacrificial anodes that would be required to form a calcareous deposit on a steel pile immersed in seawater. ,Applying
Calculate the rate of habitat fragmentation within the Colorado Front Range in the last decade.,Applying
Can you apply the method used to some experience of your own . . .?,Applying
Can you group by characteristics such as . . .?,Applying
Categorise the pictures and add them to the wall display.,Applying
Choose a country that does not compete at the Olympics and explain why that country is not an Olympic member.,Applying
Choose any U.S. president and explain how he exercised his power as Commander in Chief of the Armed Forces.,Applying
Compute the area of actual circles.,Applying
Compute the volume of a cylinder,Applying
Construct a model to demonstrate how it will work.,Applying
Demonstrate how the seasons occur.,Applying
Demonstrate how this could work in an industry setting?,Applying
Demonstrate using the OPAC and your knowledge of library organization to find a book about turtles.,Applying
Demonstrate how your unit?s specific student learning outcomes are linked to the mission of UAM.,Applying
Derive a kinetic model from experimental data.,Applying
Describe an experiment to answer the question of the effects of weight on the fall of an object.,Applying
Construct a market strategy for your product using a known strategy as a model.,Applying
Construct a simple payroll program that computes net pay for those working 40 hours or less and net pay for those working over 40 hours.,Applying
"Draw 3 pictures showing the beginning, middle and ending of the story.",Applying
Draw a picture of the bears' house.,Applying
Draw a picture of the gown Cinderella wore to the ball.,Applying
"From the information given, can you develop a set of instructions about . . .?",Applying
How could someone modify the Cornell Method to make it effective for researching a topic for a paper?,Applying
How might lifestyles in the United States be modified if a more socialistic system were adopted?,Applying
"If notes are available on the professor?s website, how should those notes be used?",Applying
"In a teaching simulation with your peers role-playing 6th grade students, demonstrate the principle of reinforcement in classroom interactions and prepare a half page description of what happened during the simulation that validated the principle.",Applying
Make a diorama to illustrate an important event.,Applying
Make a paper-mache map to include relevant information about an event.,Applying
Make a scrapbook about the areas of study.,Applying
Make up a puzzle game using the ideas from the study area.,Applying
Model an Olympic Village for the new Millenium.,Applying
Participate in a mock election,Applying
Predict what happens to X if Y increases.,Applying
Pretend you are one of the characters in the book. Write a diary about the happenings in your life for two consecutive days.,Applying
Relate the principle of reinforcement to classroom interactions.,Applying
Relate topographic map to field features,Applying
Relate your most powerful story where your use of technology in the classroom has yielded a significant outcome with a student or students,Applying
How would you relate position concept with position strategy,Applying
"Show, through role-play, the final scene in the novel.",Applying
Solve a math problem using familiar procedure or formula,Applying
Solve for the ten following fraction multiplication problems. Please make sure to show all your work.,Applying
Would you solve these two problems using similar approaches,Applying
Use Laplace to solve the following problems,Applying
Can you solve the following problem ,Applying
How to specify the impact energy and impact test temperature of the material in the Code,Applying
Specify the thickness of a galvanized coating based on atmospheric data? (level 2) ,Applying
Specify the thickness of a galvanized coating based on atmospheric data? (level 2) ,Applying
How does one specify the syntactical restrictions,Applying
Specify a deterministic finite automaton (DFA) recognizing the,Applying
Take a collection of photographs to demonstrate a particular point.,Applying
Use a costing model to compute prices on goods to maximise profits and minimise costs.,Applying
Use a manual to calculate an employee's vacation time.,Applying
Use the distance travelled and cost of petrol to calculate the cost of a coach trip using a spreadsheet.,Applying
Use the rule for a semicolon in a sentence.,Applying
What factors would you change if . . .?,Applying
What questions would you ask if . . .?,Applying
Who can use what we know about sonnets and finish this poem?,Applying
Would this information be useful if you had a . . .?,Applying
Sketch a prediction of the field lines for the arrangement of electrodes shown in Figure 2,Applying
Sketch the blackbody curves for radiation emitted from the Sun and the Earth,Applying
Sketch a typical absorption process in a packed column with regeneration in form of,Applying
sketch a graph of velocity versus time for the upward and downward parts of a ball?s flight,Applying
How do teenagers use code in emails and instant messages?,Applying
Use the second-derivative test to determine whether critical points where f0(x) = 0 yield relative maxima or relative minima,Applying
Use the unification algorithm to determine whether the following two terms are uni_able. Show intermediate step,Applying
Use tableau methods to prove that the following tableau is valid.,Applying
Use a sketch too find the exact value of each expression,Applying
Use Gauss? Law to find the electric field between the plates when the charge on them is Q,Applying
What happens if you restrict a determinental process to a subset R ?S? ,Applying
What would happen if the rainfall doubled in your state next year,Applying
What happens if you change the direction of the displacement (but not its size)?,Applying
What would you do if a heavy growth of bacteria had occurred ,Applying
What would result if ?,Applying
What approach would you use to prove the truth of the below statement ,Applying
Construct one Turing Machine for computing each of the following functions,Applying
Construct a Venn diagram to determine the validity of the given argument.,Applying
Construct a dictionary and a truth table to determine if the following statements are logically equivalent,Applying
"How can we construct H given I, B and E?",Applying
Construct a family of networks to demonstrate that the number of different mincuts in a network can be exponential in the size of the network,Applying
How do you construct foliations on a given manifold M?,Applying
How to Construct the Optimal Maintenance Problem,Applying
How to construct simple solutions when problems are complex?,Applying
Construct the 4-Bit Ripple carry Adder Circuit,Applying
Construct an analog circuit with the following specifications,Applying
Construct the Data Path of the RISC Processor given in the previous question ,Applying
How do we construct agents that can deliver. ?good? assistance,Applying
How to construct the selected information system,Applying
Show how they have used creative writing strategies appropriate to the format,Applying
Show how to modify Fitch's algorithm given in class today to accommodate non-binary,Applying
Show how E-CRM can be used to improve marketing positioning as explained in the article,Applying
How would you show your understanding of the ABC process,Applying
Show me how you would check the brake lights are working on this car,Applying
"Osteoporosis, muscular dystrophy and arthritis are problems concerned with movement and support in human. Explain these problems based on source, symptoms and ways to avoid/overcome them.",Applying
If an athlete is made up of predominantly fast twitch muscle fibres what activities would they be more suited to?,Applying
A heterozygous male for tongue rolling marries a homozygous recessive female. Complete a Punnett square to show their possible offspring. Analyse your results as percentages and proportions.,Applying
What percentage success did the scientists have with the implanted embryos in   forming a clone of pigs capable of producing omega-3 fatty acids?  Show ALL working,Applying
"To produce genetically modified pigs, the gene that produces omega-3 fatty acids is   inserted into the pig embryos.  Describe the steps in forming and introducing many   copies of the desirable gene (using bacteria) into the pig embryos.",Applying
"The ability to roll your tongue to form a tube is passed on from parents to their children. The inability to roll a tongue is a recessive trait. Thabo can roll his tongue but his wife, Octavia cannot.  They have four children. The two boys, Keketso and Bongani can roll their tongues. The two girls, Qawekazi and Bongiwe cannot.  Use T to represent the character for tongue rolling and t for the inability to roll a tongue. Use a genetic crossing to supply the genotypes of the parents, Bongani and Qawekazi. Show all your working.",Applying
The students measured the growth of the duckweed by counting the number of leaves. Suggest a better method of measuring the growth of the duckweed.,Applying
A type of white blood cell called a macrophage measures 5 x 10-5 m. What does it measure in micrometres?,Applying
"If the actual size of a cell is 100 ?m, and 10 cm in a book, what is the magnification of the image in the book?",Applying
"If a cell called a megakaryocyte measures 1 x 10-4 m, and a neutrophil measures 1 x 10-5 m, what is the difference in order of magnitude?",Applying
"A scientist observes 100 cancer cells with a microscope. If 16 cells are undergoing mitosis, and the length of the cell cycle is 400 hours, what is the length of mitosis?",Applying
Why are meristematic cells grown in a sterile culture medium?,Applying
"A food contains 5 grams of carbohydrate, 10 grams of fat and 5 grams of protein. How many Calories (kcal) does this food provide?",Applying
Give an example (with references) of a positive feedback loop and a negative feedback loop. ,Applying
What are some of the key factors for successful fisheries management?,Applying
"The agribusiness industry depends upon fossil fuels such as gas and oil, which will be used up or become quite expensive in the next 100 years. Describe changes that can be implemented in the method of food production that may be necessary to support populations.",Applying
"Given the varying reasons for species extinction, how can we as humans best protect biodiversity? And what are some of the possible parameters we can use to measure effectiveness?",Applying
How can marine climate refugia be identified and protected to the maximum extent possible?,Applying
Analyze safe and dangerous aspects of these features.,Analyzing
Analyze the characteristics of frogs.,Analyzing
Analyze the movements and sounds of a frog.,Analyzing
"Analyze the problem, identifying its variables.",Analyzing
Break down the components of a standard film camera and explain how they interact to make the machine work.,Analyzing
Break down the main actions of the story.,Analyzing
"By comparing the map of the tectonic plates to the earthquake map, what inferences can you make?",Analyzing
Can you compare your . . . with that presented in . . .?,Analyzing
Can you distinguish between . . .?,Analyzing
Can you explain what must have happened when . . .?,Analyzing
Can you find four different feelings Pa Lia had during the story?,Analyzing
Compare and contrast animals that the class has made.,Analyzing
Compare and contrast our school to other communities.,Analyzing
"Compare and contrast preview questions, clarifying questions and anticipated exam questions, including how each relates to the notetaking process? ",Analyzing
Compare and contrast the waterfall model with the prototyping model.,Analyzing
Compare and contrast two characters in the book.,Analyzing
Compare fall and spring,Analyzing
Compare herbatious and carnivorous animals on a Venn diagram.,Analyzing
Compare how different children come to school.,Analyzing
Compare the place where the story happened with where you live.,Analyzing
Compare this book to the last book you read.,Analyzing
Compare three celebrations using a Venn diagram.,Analyzing
Compare two dog food commercials. What is the difference between them and how do they both sell their products?,Analyzing
Compare two of the characters in this book.,Analyzing
Conduct an investigation to produce information to support a view.,Analyzing
Contrast building in the coastal zone with building in a river floodplain.,Analyzing
Contrast Olympic athletes of today with athletes of past Olympic games.,Analyzing
Differentiate between .call by value and call by reference.,Analyzing
Differentiate printf function calls for displaying prompts and for echoing data.,Analyzing
Distinguish between micro and macro economics.,Analyzing
Distinguish facts from hypotheses,Analyzing
"Divide the story into initiating event, rising action, climax, and falling action",Analyzing
"Examine what helps to make a good Olympics? Think about money, schedules, sports and people.",Analyzing
"Explain the term conjugal families, by making reference to the different types of societies to which they could belong.",Analyzing
analyze the positive and negative points presented concerning the abolition of guns and write a brief (2-3page) narrative of your analysis.,Analyzing
"Differentiate the passages that attacked a political opponent personally, and those that attacked an opponent's political programs.",Analyzing
How does your pet differ from other animals?,Analyzing
How does...compare/contrast with...?,Analyzing
How is . . . similar to . . .?,Analyzing
How was life different in your town 100 years ago?,Analyzing
How was this similar to . . .?,Analyzing
How would this story be different if it had happened in a different country?,Analyzing
How would you distinguish between polymyositis and viral myositis in a 42-year-old man with weakness and a rash?,Analyzing
"If your story happened in a foreign land, compare that land to the United States.",Analyzing
"If your story occurred long ago, compare that time with today in a good paragraph. If it was a modern story, compare it with a long time ago and tell what would be different.",Analyzing
Investigate innovations that can enhance future Olympics.,Analyzing
Make a diagnosis or analyze a case study.,Analyzing
Select the athlete of the century and analyze why you chose this person.,Analyzing
"If interest were compounded monthly instead of daily, what would the difference in interest be?",Analyzing
What are the parts or features of...?,Analyzing
Distinguish between the following giving suitable examples,Analyzing
Distinguish between abstract date types (ADTs) and implementations of ADTs,Analyzing
"How do you distinguish between the binge-eating/purging type of anorexia nervosa and bulimia nervosa, purging type",Analyzing
How does Tdap differ from Td vaccine,Analyzing
How does autonomy differ with age,Analyzing
In what ways do female offenders differ from male offenders,Analyzing
in what ways trajectory patterns differ according to ABC,Analyzing
How do psychologists differ in their general attitudes toward third party presence,Analyzing
How did Chinese newspapers differ from US,Analyzing
How does public health reporting differ today from reporting two years before,Analyzing
How does an endorsement differ from a teaching certificate,Analyzing
How do we differentiate between genuine buyer and undercover buyer,Analyzing
How do we differentiate between an interview and an interrogation?,Analyzing
Differentiate between the following terms along with appropriate examples,Analyzing
Differentiate the following functions using the quotient rule,Analyzing
Can you differentiate between ethnic Chinese and ethnic Koreans,Analyzing
How would you differentiate obstructive apneas from central apneas,Analyzing
How would you differentiate a project from a program,Analyzing
How is scientific progress similar to Darwinian evolution according to Kuhn,Analyzing
"in what ways is oxyperoxidase similar to other oxygenated heme proteins, and how does it differ",Analyzing
In what ways are foxes similar to wolves and dogs,Analyzing
How are the adolescents with ASD similar of different from each other in their sources of communication breakdowns ?,Analyzing
Examine the data in the EMPLOYEES and DEPARTMENTS tables,Analyzing
Examine the differences between the model excluding the most influential observation and the model including all observations.,Analyzing
Critically examine the strengths and weaknesses of the positivist paradigm,Analyzing
Examine differences between the means of each individual switching factor.,Analyzing
Examine carefully the given map extract on the following page to help you work out the exercise below.,Analyzing
"Inspect each of these Boolean expressions, and determine whether each one is a sum of products, or a product of sums",Analyzing
Inspect the size of the loaded data: how many objects and variables does the iris data matrix contain?,Analyzing
Can you distinguish for me between what is reasonably ?achievable and what are exaggerations,Analyzing
Can you distinguish aged rums from unaged rums by smell,Analyzing
Can you distinguish pot still rums from column still rums by taste,Analyzing
Inspect the pattern of GPS positions relative to the ?known? published value,Analyzing
How does your agency inspect against its expectation for operators ,Analyzing
How to inspect and maintain fresh water plumbing systems properly,Analyzing
Can you analyze the fractures and determine which should be repaired surgically,Analyzing
Can you please analyze modern contemporary culture and tell me how your work plays a significant part in the remains of our post-modernist culture ?,Analyzing
"How effectively did students analyze course content on race, class, and privilege through autobiographical reflection",Analyzing
How do you analyze a marginally RCT ,Analyzing
"Contrast the treatment of ""well known"" trademarks provided by Paris Article and by TRIPS Article ",Analyzing
Contrast the Valles Marineris on Mars with the Grand Canyon,Analyzing
How does Hawaii contrast and compare to Florida?,Analyzing
Investigate whether or not the system can be solved for x; y; z ,Analyzing
Investigate (pointwise) convergence and absolute convergence of the given series of functions,Analyzing
How would you investigate this patient,Analyzing
How would you investigate this abnormality,Analyzing
What can I do to investigate this problem further,Analyzing
how the investigation was undertaken,Analyzing
How would you differentiate between heterodox and mainstream,Analyzing
"How do I differentiate between ""deceive"" and ""cheat on""?",Analyzing
The red fox has 17 pairs of large long chromosomes. The arctic fox has 26 pairs of smaller shorter chromosomes. What do you expect to be the chromosome number in the hybrid somatic tissues?,Analyzing
What problems would the hybrid face in terms of mitosis and meiosis? Would you expect the animals to be viable and/or fertile? Briefly explain.,Analyzing
Describe the trend for energy needed per day per gram of body mass for the four species of bird.,Analyzing
"The dodo bird lived on the island of Mauritius. It was a large, flightless bird which had no predators. People came to the island, bringing hunting dogs with them. Suggest why there are no dodos living today.",Analyzing
"Animals and plants have features (adaptations) that allow them to survive in the conditions in which they normally live. Describe how animals and plants are adapted to survive in dry conditions such as deserts. For each adaptation that you give, describe how the adaptation helps the animal or plant to survive in dry conditions.",Analyzing
 In what ways could human activity lead to the extinction of a species in an area?,Analyzing
How could humans be disadvantaged by the extinction of a plant species?,Analyzing
In what ways can we try to protect a species from extinction?,Analyzing
In what ways does over-grazing lead to soil erosion?,Analyzing
People with mitochondrial disease have mitochondria that do not function properly. Some people with mitochondria disease can only exercise for a short time. Explain why a person with mitochondria disease can only exercise for a short time.,Analyzing
Some cells lining the bronchi of the lungs secrete large amounts of mucus. Mucus contains protein. Name one organelle that you would expect to find in large numbers in a mucus-secreting and describe its role in production of mucus.,Analyzing
One of the most important membrane proteins is the sodium-potassium pump. What would happen to a cell if this pump suddenly stopped working?,Analyzing
Assume that there are thirty sodium ions outside the cell and twenty potassium ions inside the cell. What will happen after one cycle of the sodium-potassium pump?,Analyzing
A protein synthesized inside the cell does not undergo exocytosis. The protein was synthesized by a free-floating ribosome. Explain why.,Analyzing
"Proteins synthesized by ribosomes are processed and packaged in endoplasmic reticulum and Golgi apparatus, respectively. Packaged vesicles are then transported to their target location. What processes will these proteins most likely experience? Explain the answer.",Analyzing
An erythrocyte is placed into a solution with a large concentration of sodium. The erythrocyte is in a hypertonic solution and it will crenate. Explain why.,Analyzing
"An erythrocyte is placed in a solution of 0.9% sodium ions. Erythrocytes contain a concentration of approximately 0.9% sodium chloride. This is a hypotonic solution, relative to the cell, and the cell will lyse. Explain why.",Analyzing
Discuss the anticipated changes in the tropical forest gradient space as a result of expected increase in atmospheric carbon during the next 100 years.,Analyzing
Estuaries are an important ecotone between fresh water and the sea receiving pulsed energy inputs. Discuss the impact of these energy subsidies from both fresh water and ocean sources.,Analyzing
"Describe the relationships between energy availability and disturbance in relation to the productivity and biodiversity of ecosystems. Why are some ecosystems very productive, but not very diverse and other ecosystems diverse, but not very productive? Give examples to support your answer.",Analyzing
Are tropical forests stable ecosystems? Describe the major disturbances that occur in tropical forests. How do these disturbances affect the ecosystem? How are human disturbances to tropical forests different than natural disturbances in terms of their effects on ecosystem stability?,Analyzing
How can we help promote biodiversity?,Analyzing
"How can key large-scale ecological processes be identified, protected, and restored?",Analyzing
"How can marine cultural heritage, maritime historical heritage, and biological conservation be best integrated to maximize benefits for all stakeholders?",Analyzing
There is a population of lions in a South African savanna that eat only impalas and kudu. What do you think is the least likely to happen if all the kudu are killed by humans overhunting them?,Analyzing
Compare the two diagrams below. What type of organism is missing in the ecosystem on the right for the system to be able to function properly?,Analyzing
"You are observing a forest ecosystem and notice that there are mushrooms, which you know to be a fungus, growing on top of a fallen, dead tree. A likely explanation of what is going on would be which of the following choices?",Analyzing
"Unfortunately, several local finch populations have become extinct and other common species are also in decline. What is the most significant reason for their extinction?",Analyzing
Apply and integrate several different strategies to solve a mathematical problem (not according to one formula(,Evaluating
Can you create new and unusual uses for . . .?,Evaluating
Can you design a . . . to . . .?,Evaluating
Can you develop a proposal which would . . .?,Evaluating
Can you invent another character for the story?,Evaluating
Can you see a possible solution to . . .?,Evaluating
Can you write a new recipe for a tasty dish?,Evaluating
Choose a character. Rewrite a scene from the story from this character's point of view.,Evaluating
Combine any two sports to develop a new Olympic sport.,Evaluating
"Combine elements of drama, music, and dance into a stage presentation.",Evaluating
Compose a class story.,Evaluating
Compose a dialogue between Atticus Finch and Tom Robinson when they first met.,Evaluating
Compose a rhythm or put new words to a known melody.,Evaluating
Compose a simple rap or rhyme about zoo animals.,Evaluating
Compose music for a frog play.,Evaluating
Compose a complete C program that reads text strings from a text file into a suitable data,Evaluating
Compose a device that would assist an athlete in their training.,Evaluating
Compose an original work which incorporates five common materials in sculpture.,Evaluating
Compose your own note-taking design that incorporates all theadvantages of the Cornell Method.,Evaluating
Create a chart that compares things that use electricity and things that do NOT use electricity.,Evaluating
Create a new product. Give it a name and plan a marketing campaign.,Evaluating
"Create a new song for the opening line of ""Mary had a little lamb"".",Evaluating
Create a set of guidelines to determine the points of a plant susceptible to localized corrosion.,Evaluating
Create a storyboard for a sequel to your book. Use the same characters.,Evaluating
Create an equation to represent the solution to this problem.,Evaluating
Create and perform a play about frogs.,Evaluating
Create plan of local environment by drawing around boxes.,Evaluating
Design a building according to given specifications,Evaluating
design a cost effective strategy to generate reliable data.,Evaluating
Design a machine to perform a specific task.,Evaluating
Design a new animal to live in the jungle.,Evaluating
Design a poster for this book.,Evaluating
Design a testing scenario to assess the susceptibility of an alloy to be used in a given environment?,Evaluating
Design and make an animal that moves.,Evaluating
Design costumes for the characters.,Evaluating
Design the architecture of the software system based on the requirements defined in the Software Requirement Specification document,Evaluating
Develop a hypothesis.,Evaluating
Develop a plan for a new Olympic Bid System.,Evaluating
Develop a SQA Plan for a software development project which is defined in the attached document.,Evaluating
"Develop a way to teach the concept of ""adjectives"".",Evaluating
Develop one plausible ending for all three short stories below.,Evaluating
Devise a new economic system based on the ones that already exist.,Evaluating
Devise plans to market or make artwork more valuable.,Evaluating
Draw a painting that uses various principles of perspective to achieve its effect.,Evaluating
"Explain how the biological concept of symbiotic relationships could be used to help solve socially created problems like water pollution, overflowing garbage landfills, or homelessness.",Evaluating
Explain why it is likely that a matriarchal family system would be found in a matrilocal or matrilineal society.,Evaluating
"Following the identification of the forms of corrosion that were involved in a failure, recommend a solution to avoid this failure?",Evaluating
Given two opposing theories design an experiment to compare them.,Evaluating
How could we determine the number of pennies in a jar without counting them?,Evaluating
How could you re-write this story with a city setting?,Evaluating
"how do the clauses and expressions given in the article which replace GOTO statements, lead to the three traditional control statements",Evaluating
How many ways can you . . .?,Evaluating
How would the U.S.A. be different if the South had won the Civil War?,Evaluating
How would you change the story to create a different ending?,Evaluating
How would you create/design a new...?,Evaluating
How would you restructure the school day to reflect children's developmental needs?,Evaluating
Identify one problem in the book and give an alternate solution one not given by the author.,Evaluating
If you had access to all resources how would you deal with . . .?,Evaluating
Integrate training from several sources to solve a problem.,Evaluating
Invent a machine to do a specific task.,Evaluating
Justify your choice of data structure.,Evaluating
Make a radio announcement that advertise the book. Write it out.,Evaluating
Make up a new language code and write material using it.,Evaluating
Name one character. Rewrite the story from this character's point of view.,Evaluating
Organize this book into three or more sections and give your own subtitle for each section.,Evaluating
Plan a research paper on a given historical topic,Evaluating
Predict the differences of a planet with no seasonal changes.,Evaluating
Prepare a book jacket that illustrates the kind of book as well as the story.,Evaluating
Pretend you are a librarian recommending this book to someone. Write a paragraph telling what you would say.,Evaluating
Revise and process to improve the outcome.,Evaluating
Revise how to complete a complex task in order to improve the outcome.,Evaluating
Revises and process to improve the outcome.,Evaluating
"structure, sorts the list in ascending order, displays the list on the screen and stores the list",Evaluating
Suppose Phillip wasn't rescued shortly after Timothy's death. How long could he have survived?,Evaluating
"Using information from the book about one of the main characters, rewrite the ending of the book.",Evaluating
What ideas can you add to...?,Evaluating
What might happen if you combined...?,Evaluating
What solutions would you suggest for...?,Evaluating
What would happen if . . .?,Evaluating
What would you predict/infer from...?,Evaluating
Why don?t you devise your own way to deal with . . .?,Evaluating
Why not compose a song about . . .?,Evaluating
"Write a C program that accepts integer inputs from the screen, computes the total and average values; and displays the values on the screen.",Evaluating
Write a letter to the editor on a social issue of concern to you.,Evaluating
Write a logically organized argument in favor of a given position.,Evaluating
Write a poem about this book.,Evaluating
Write a set of rules to prevent what happened in the story.,Evaluating
Write a short story relating a personal experience in the style of a picaresque novel.,Evaluating
Write a song about 'Old MacDonald' who had a bulldozer instead of a farm.,Evaluating
Write an essay in not more than 250 words about India and Technological Advancement. Use active voice as much as possible.,Evaluating
How do you combine the results of various individual tests to determine whether a student can progress to a next semester / phase / year?,Evaluating
How can we combine and abstract facts about a software system to create new knowledge?,Evaluating
How to combine virtual symmetry and symbolic model checking effectively,Evaluating
How do we efficiently combine multiple subject graphs to construct an aig with choice,Evaluating
how do we devise a way to enforce the laws,Evaluating
can you devise an explicit formula for,Evaluating
Do you devise a systematic approach in order to get larger progressions,Evaluating
Develop and execute a program for this exercise,Evaluating
Develop a network based on the following information: Activity Immediate predecessors,Evaluating
How could we develop a coherent measure of success for organisations engaged in this type of activity with young people?,Evaluating
"Suggest a reason why some people are worried about using milk from genetically engineered cows, to feed human babies.",Evaluating
Clones are a group of genetically identical organisms. Explain THREE advantages and THREE disadvantages with reasons of cloning.,Evaluating
Embryos can be screened for genetic disorders. Many people would favour the use of embryo screening for cystic fibrosis but not for polydactyly. Compare the issues involved in the use of embryo screening for cystic fibrosis and for polydactyly. You should use your knowledge and understanding of the process and the two conditions.,Evaluating
"Sharon has 100 rabbits. Seventy-nine of her rabbits are black and twenty-one of the rabbits are white. Based on this information, what can she conclude about the rabbits?",Evaluating
"Apart from conserving individual plants and animals, what else needs to be conserved.",Evaluating
In what ways can modern agriculture threaten the survival of species?,Evaluating
Use reasoning and information from the unit to support the following statement: Knowledge of chemistry is important for the study of biology,Evaluating
Describe ethical consideration about the use of embryonic stem cells.,Evaluating
"Lindemann's paper on trophic-dynamics speaks of quantifying energy through these systems. He also believes that there is energy unaccounted for and should therefore be corrected for. What are the three aspects of dissipation of energy proposed by Lindeman and explain, if you think so, why one of these aspects may be considered a ""double-counting"" of energy?",Evaluating
"Choose any product, good, service, etc., and describe, to the best of your knowledge, an energy analysis, and why might this be considered by one of our authors as an ""energy memory"" analysis?",Evaluating
"After designing an experiment, examining the results, and drawing conclusions, determines in what ways the experiment could be conducted more effectively in order to draw more productive conclusions in the future.",Creating
"After examining the videotape of a play in a football game, determine the degree to which the defensive team performed effectively and",Creating
"After solving a problem, determine the degree to which the problem was solved as efficiently as possible ",Creating
Appraise data in support of a hypothesis.,Creating
Appraise the speech's effectiveness based upon the class' criteria.,Creating
Are there students who should not use the Cornell method?,Creating
Are you a . . . person?,Creating
Assess the appropriateness of an author's conclusions based on the evidence given.,Creating
Assess the importance of understanding seasonal patters.,Creating
Assess the relative effectiveness of different graphical representations of the same data or biological concept.,Creating
Assess the strengths and weaknesses of the current Olympics and recommend action that should be taken in future Olympics: What can be,Creating
"Award the contract to the best proposal. Rank the principles of ""good sportsmanship"" in order of importance to you.",Creating
Can you defend the idea that Simon's incident with the pig's head is the most mystical in the story?,Creating
Can you defend your position about . . .?,Creating
Choose a paint schedule for the maintenance of an outdoor structure? (level 2) ,Creating
Choose and illustrate the two most important events in the story.,Creating
Conclude and support which economic system leads to a higher standard of living.,Creating
Construct a poster that will advertise your new food product in an exciting and irresistible way.,Creating
Critique an experimental design or a research proposal.,Creating
"Critique the other student's (or your own) speech, based on the criteria we have studied this semester.",Creating
Decide whether you are in favor of building on a floodplain; defend your position in a debate.,Creating
Decide whether you could have survived on the island blind and alone. Write about things that would have been challenging making sure to,Creating
Decide whether you learned enough about electricity from this book.,Creating
Decide which candidate would best fill the position of principal.,Creating
Decide which course of action was most effective ,Creating
Decide which method of solving a problem was most effective ,Creating
Defend the following claim: The Cornell method works so well that it could turn even a poor lecture into a valuable learning experience.,Creating
Defend your use of a specific strategy in solving the problem.,Creating
Describe the economic consequence of a neolocal society. Support your description with information you have learned from this course.,Creating
Design a healthy menu that you think most people would enjoy using the healthy eating guide.,Creating
Determine if a character?s actions were heroic ,Creating
Do you agree...?,Creating
Do you think . . . is a good or a bad thing?,Creating
Establish criteria for making this choice and defend your final selection.,Creating
"Evaluate a work of art, giving the reasons for your evaluation.",Creating
Evaluate appropriate and inappropriate actions of characters.,Creating
Evaluate board games and justify why rules are important.,Creating
Evaluate the corrosion monitoring needs of a chemical processing plant ,Creating
Evaluate the level of galvanic coupling between two metals using basic kinetic information? (level 4) ,Creating
Evaluate two Internet sources of information about the Egyptians. Which would be a better choice for your purpose and why?,Creating
Evaluate whether their model is a true representation of the local environment.,Creating
Evaluate your own or a peer's essay in terms of the principles of composition discussed during the semester.,Creating
Examine the stated positions of both major political candidates with regard to a particular issue and state good reasons (based on principles discussed in class) for why one candidates position is more likely to be effective than the other's.,Creating
Explain and justify a new budget.,Creating
Explain choices made in making recommendations to an end user.,Creating
"Given an argument on any position, enumerate the logical fallacies in that argument.",Creating
"Given the data available on a research question, take a position and defend it.",Creating
"Given the data we've looked at on this topic, evaluate how appropriate this conclusion is and defend your answer.",Creating
"Given the two solutions to the stated programming problem, rate the solutions in ?terms of efficiency and readability.",Creating
"Given three possible approaches to implement the defined system, discuss the possible advantages and disadvantages of each approach.",Creating
"Given two possible solutions, A and B, to solving the given software development problem, decide on the best solution. Give your justification.",Creating
How effective are . . .?,Creating
How would you decide about...?,Creating
How would you feel if . . .?,Creating
How would you have handled . . .?,Creating
"improved, reformed or rejected?",Creating
"In a given clinical situation, select the most reasonable intervention and predict the main effects and possible side effects.",Creating
Is there a better solution to . . .?,Creating
Judge aesthetic qualities and relationship to future values.,Creating
judge the difficulty level for yourself.,Creating
Judge the value of . . .?,Creating
Judge whether it would be possible to survive on an island alone and blinded. Write about it.,Creating
Judge whether Olympic Ideals are realistic or unrealistic for the contemporary elite athlete.,Creating
Justify and nominate ways to prevent animal extinction.,Creating
Justify the title To Kill a Mockingbird .,Creating
Listen to two classmates conversing on tape and critique their performance on the basis of the skills covered this semester.,Creating
Place the following in order of priority...,Creating
Predict what will happen next in.,Creating
Predict whether Phillip will ever go back to visit the Cay after several years of recovery. Assuming he gets his sight back.,Creating
Recommend how our classroom or playground could be improved.,Creating
Select the best proposal for a proposed water treatment plant.,Creating
Select the most effective solution.,Creating
suggest ways in which it could have responded more effectively,Creating
decide about the most exciting part of the book. being sure to give at least three reasons why?,Creating
Use a judge and jury to discuss the statement 'Children enjoy Anthony Browne's books because of the illustrations'.,Creating
"Using straight value depreciation, decide between two copper-nickel alloys for the design of a heat exchanger. ?",Creating
"Using the basic principles of socialism discussed in this course, evaluate the US economic system by providing key arguments to support your judgment.",Creating
Was Hemingway a great American writer? First you will need to define greatness.,Creating
What changes to . . . would you recommend?,Creating
What criteria would you use to assess the validity of a business contract?,Creating
What criteria would you use to assess...?,Creating
What do you think about . . .?,Creating
What is part of this book did you like best. Tell why you like it?,Creating
What is the most important...?,Creating
Which of the following actions would probably be least effective in determining the answer? ,Creating
"Which of the two algorithms, bubblesort or quicksort, is more efficient? Justify your answer.",Creating
Would you have liked to have had Cinderella for a sister? Explain why or why not.,Creating
Write a list of criteria to judge the Willy raps.,Creating
Revise the story and specify the type of audience that would enjoy this book.,Creating
Estimate the epicentral coordinates of the earth-quake,Creating
Estimate the risk of serious illness for consumers in different susceptible population groups,Creating
Estimate expenditure on HIV/AIDS education,Creating
Estimate the difficulty of the question,Creating
Estimate roughly how long the collision process takes,Creating
What do you think is the best thing about coming to Viestal?,Creating
What do you think is the mass and why,Creating
What do you think are the strengths of using integrated math in your program?,Creating
Do you think that this statement conveys the idea that i am trying to portray,Creating
How do you think the community should grow or change,Creating
How Do You Think One Should Reason in Making Ethical Decisions in Business,Creating
